iso_code,continent,location,year,total_cases,total_deaths,total_vaccinations
ABW,North America,Aruba,2020,571837.0,4828.0,0.0
ABW,North America,Aruba,2021,4361299.0,42994.0,28180278.0
ABW,North America,Aruba,2022,10111157.0,58285.0,32175180.0
AFG,Asia,Afghanistan,2020,8501751.0,296447.0,0.0
AFG,Asia,Afghanistan,2021,39518380.0,1778958.0,29225124.0
AFG,Asia,Afghanistan,2022,48992178.0,2090079.0,324222895.0
AGO,Africa,Angola,2020,1343410.0,36818.0,0.0
AGO,Africa,Angola,2021,14797145.0,368673.0,180255428.0
AGO,Africa,Angola,2022,27179226.0,518315.0,477037680.0
AIA,North America,Anguilla,2020,1058.0,0.0,0.0
AIA,North America,Anguilla,2021,131208.0,248.0,476291.0
AIA,North America,Anguilla,2022,829038.0,2504.0,593415.0
ALB,Europe,Albania,2020,3727544.0,88375.0,0.0
ALB,Europe,Albania,2021,51106141.0,871276.0,240731562.0
ALB,Europe,Albania,2022,77355883.0,950620.0,112060081.0
AND,Europe,Andorra,2020,682822.0,15492.0,0.0
AND,Europe,Andorra,2021,5084330.0,44641.0,1584366.0
AND,Europe,Andorra,2022,11214420.0,41390.0,2855030.0
ARE,Asia,United Arab Emirates,2020,22253522.0,99619.0,0.0
ARE,Asia,United Arab Emirates,2021,213007666.0,623527.0,4147626287.0
ARE,Asia,United Arab Emirates,2022,251219953.0,627904.0,1520029343.0
ARG,South America,Argentina,2020,148336421.0,3802826.0,104477.0
ARG,South America,Argentina,2021,1440211060.0,31681182.0,10752752627.0
ARG,South America,Argentina,2022,2458774599.0,34726468.0,27264616318.0
ARM,Asia,Armenia,2020,14553077.0,248551.0,0.0
ARM,Asia,Armenia,2021,86241517.0,1738064.0,16136417.0
ARM,Asia,Armenia,2022,113385170.0,2324876.0,29544217.0
ATG,North America,Antigua and Barbuda,2020,22902.0,864.0,0.0
ATG,North America,Antigua and Barbuda,2021,689438.0,18632.0,5849886.0
ATG,North America,Antigua and Barbuda,2022,2141043.0,37435.0,1632902.0
AUS,Oceania,Australia,2020,5091224.0,132944.0,0.0
AUS,Oceania,Australia,2021,28433623.0,427797.0,5128042445.0
AUS,Oceania,Australia,2022,1732827245.0,2295349.0,13112698345.0
AUT,Europe,Austria,2020,21771909.0,438345.0,17229.0
AUT,Europe,Austria,2021,248771060.0,4607998.0,2611835330.0
AUT,Europe,Austria,2022,1040080516.0,5268411.0,5009852320.0
AZE,Asia,Azerbaijan,2020,12949032.0,161918.0,0.0
AZE,Asia,Azerbaijan,2021,137425851.0,1890518.0,1498175449.0
AZE,Asia,Azerbaijan,2022,211079212.0,2601050.0,2018435347.0
BDI,Africa,Burundi,2020,98813.0,276.0,0.0
BDI,Africa,Burundi,2021,3381532.0,6901.0,43964.0
BDI,Africa,Burundi,2022,11389571.0,10374.0,297287.0
BEL,Europe,Belgium,2020,53832033.0,2931202.0,2592.0
BEL,Europe,Belgium,2021,413103530.0,8947146.0,3700225002.0
BEL,Europe,Belgium,2022,1068796816.0,8511499.0,6811011968.0
BEN,Africa,Benin,2020,462136.0,7552.0,0.0
BEN,Africa,Benin,2021,4621800.0,40811.0,9328427.0
BEN,Africa,Benin,2022,7351356.0,44470.0,51117081.0
BES,North America,Bonaire Sint Eustatius and Saba,2020,17078.0,270.0,0.0
BES,North America,Bonaire Sint Eustatius and Saba,2021,538036.0,4907.0,43236.0
BES,North America,Bonaire Sint Eustatius and Saba,2022,2521864.0,9208.0,0.0
BFA,Africa,Burkina Faso,2020,486257.0,15425.0,0.0
BFA,Africa,Burkina Faso,2021,4887880.0,64865.0,4615730.0
BFA,Africa,Burkina Faso,2022,5685315.0,103398.0,44566899.0
BGD,Asia,Bangladesh,2020,68809478.0,968739.0,0.0
BGD,Asia,Bangladesh,2021,387483890.0,6492171.0,5820841311.0
BGD,Asia,Bangladesh,2022,527307450.0,7927902.0,23911693820.0
BGR,Europe,Bulgaria,2020,11095857.0,347789.0,6327.0
BGR,Europe,Bulgaria,2021,158912082.0,6554630.0,567377633.0
BGR,Europe,Bulgaria,2022,307640208.0,9902544.0,1079244083.0
BHR,Asia,Bahrain,2020,12929706.0,47269.0,471764.0
BHR,Asia,Bahrain,2021,79666732.0,371236.0,635439886.0
BHR,Asia,Bahrain,2022,153267696.0,402548.0,578641921.0
BHS,North America,Bahamas,2020,773606.0,17608.0,0.0
BHS,North America,Bahamas,2021,5349746.0,128764.0,5612746.0
BHS,North America,Bahamas,2022,9386737.0,216701.0,7137831.0
BIH,Europe,Bosnia and Herzegovina,2020,8049638.0,250835.0,0.0
BIH,Europe,Bosnia and Herzegovina,2021,73616221.0,3261988.0,11625114.0
BIH,Europe,Bosnia and Herzegovina,2022,101800031.0,4239040.0,1924950.0
BLR,Europe,Belarus,2020,20430958.0,172608.0,0.0
BLR,Europe,Belarus,2021,158661092.0,1192890.0,97746881.0
BLR,Europe,Belarus,2022,255513127.0,1849709.0,274532752.0
BLZ,North America,Belize,2020,574897.0,11440.0,0.0
BLZ,North America,Belize,2021,6261671.0,137666.0,16131099.0
BLZ,North America,Belize,2022,16180185.0,181007.0,17606844.0
BMU,North America,Bermuda,2020,51869.0,2304.0,0.0
BMU,North America,Bermuda,2021,1082821.0,16187.0,3047952.0
BMU,North America,Bermuda,2022,3856103.0,36359.0,2249425.0
BOL,South America,Bolivia,2020,22628496.0,1235173.0,0.0
BOL,South America,Bolivia,2021,144683491.0,5671149.0,1330732443.0
BOL,South America,Bolivia,2022,255042263.0,5921978.0,3103698686.0
BRA,South America,Brazil,2020,892348107.0,27108921.0,0.0
BRA,South America,Brazil,2021,6208408213.0,169575139.0,47441604401.0
BRA,South America,Brazil,2022,8341770740.0,180687868.0,95025274915.0
BRB,North America,Barbados,2020,45229.0,1837.0,0.0
BRB,North America,Barbados,2021,2925705.0,28140.0,52614352.0
BRB,North America,Barbados,2022,19911962.0,113412.0,71356315.0
BRN,Asia,Brunei,2020,41227.0,697.0,0.0
BRN,Asia,Brunei,2021,1448283.0,9529.0,52873708.0
BRN,Asia,Brunei,2022,37261852.0,52046.0,23120216.0
BTN,Asia,Bhutan,2020,53440.0,0.0,0.0
BTN,Asia,Bhutan,2021,674163.0,670.0,62526497.0
BTN,Asia,Bhutan,2022,11606052.0,4184.0,51011464.0
BWA,Africa,Botswana,2020,933952.0,3190.0,0.0
BWA,Africa,Botswana,2021,36852379.0,488116.0,15457468.0
BWA,Africa,Botswana,2022,80938445.0,732683.0,32529257.0
CAF,Africa,Central African Republic,2020,954949.0,11732.0,0.0
CAF,Africa,Central African Republic,2021,2996575.0,32247.0,3462359.0
CAF,Africa,Central African Republic,2022,3945820.0,30599.0,24589589.0
CAN,North America,Canada,2020,48459090.0,2402461.0,635354.0
CAN,North America,Canada,2021,491339089.0,9270925.0,12165823677.0
CAN,North America,Canada,2022,1006193192.0,10787648.0,22777255005.0
CHE,Europe,Switzerland,2020,28992018.0,694613.0,22692.0
CHE,Europe,Switzerland,2021,269227850.0,3883259.0,2367003132.0
CHE,Europe,Switzerland,2022,921500666.0,3694843.0,4077606936.0
CHL,South America,Chile,2020,92447449.0,2404918.0,22606.0
CHL,South America,Chile,2021,496405065.0,11113710.0,7925934450.0
CHL,South America,Chile,2022,970816694.0,14619428.0,14879671804.0
CHN,Asia,China,2020,28636380.0,1399137.0,6000000.0
CHN,Asia,China,2021,37622096.0,1692107.0,440076478700.0
CHN,Asia,China,2022,167384012.0,1356966.0,896401615000.0
CIV,Africa,Cote d'Ivoire,2020,3707614.0,23811.0,0.0
CIV,Africa,Cote d'Ivoire,2021,17668745.0,143866.0,191882621.0
CIV,Africa,Cote d'Ivoire,2022,22602487.0,217840.0,280785831.0
CMR,Africa,Cameroon,2020,4231941.0,88766.0,0.0
CMR,Africa,Cameroon,2021,26861187.0,432600.0,18860073.0
CMR,Africa,Cameroon,2022,32487745.0,524058.0,21155672.0
COD,Africa,Democratic Republic of Congo,2020,2237535.0,58666.0,0.0
COD,Africa,Democratic Republic of Congo,2021,15306360.0,330756.0,5616935.0
COD,Africa,Democratic Republic of Congo,2022,24136131.0,367757.0,45718155.0
COG,Africa,Congo,2020,896698.0,16479.0,0.0
COG,Africa,Congo,2021,4645968.0,68937.0,8653793.0
COG,Africa,Congo,2022,6581259.0,104316.0,7439301.0
COK,Oceania,Cook Islands,2021,254.0,0.0,209613.0
COK,Oceania,Cook Islands,2022,1040558.0,159.0,326914.0
COL,South America,Colombia,2020,155342636.0,4585410.0,0.0
COL,South America,Colombia,2021,1386140553.0,35427974.0,6473107773.0
COL,South America,Colombia,2022,1660543966.0,37939970.0,5984103820.0
COM,Africa,Comoros,2020,97295.0,1443.0,0.0
COM,Africa,Comoros,2021,1394169.0,49980.0,6438197.0
COM,Africa,Comoros,2022,2216467.0,43698.0,5409688.0
CPV,Africa,Cape Verde,2020,1221070.0,12418.0,0.0
CPV,Africa,Cape Verde,2021,10461284.0,94435.0,10971457.0
CPV,Africa,Cape Verde,2022,15781493.0,109419.0,16413190.0
CRI,North America,Costa Rica,2020,14509356.0,174561.0,55.0
CRI,North America,Costa Rica,2021,135938660.0,1720737.0,149941722.0
CRI,North America,Costa Rica,2022,241050727.0,2277219.0,281844818.0
CUB,North America,Cuba,2020,1201037.0,26652.0,0.0
CUB,North America,Cuba,2021,150524716.0,1230857.0,3608034877.0
CUB,North America,Cuba,2022,296573339.0,2320012.0,8986374217.0
CUW,North America,Curacao,2020,188374.0,624.0,0.0
CUW,North America,Curacao,2021,4463262.0,40664.0,33405461.0
CUW,North America,Curacao,2022,11342126.0,72782.0,51664383.0
CYM,North America,Cayman Islands,2020,53471.0,337.0,0.0
CYM,North America,Cayman Islands,2021,564592.0,980.0,7540571.0
CYM,North America,Cayman Islands,2022,6348791.0,6712.0,3580974.0
CYP,Europe,Cyprus,2020,987129.0,7726.0,0.0
CYP,Europe,Cyprus,2021,31056285.0,145737.0,120796303.0
CYP,Europe,Cyprus,2022,122121357.0,269959.0,64104292.0
CZE,Europe,Czechia,2020,40948971.0,600899.0,34403.0
CZE,Europe,Czechia,2021,588519244.0,10127999.0,2670304892.0
CZE,Europe,Czechia,2022,1016937196.0,10814719.0,4778215199.0
DEU,Europe,Germany,2020,114597958.0,2890884.0,522483.0
DEU,Europe,Germany,2021,1375831810.0,30901985.0,24783172333.0
DEU,Europe,Germany,2022,6349562179.0,36714800.0,48385148893.0
DJI,Africa,Djibouti,2020,1201333.0,12519.0,0.0
DJI,Africa,Djibouti,2021,3876705.0,49570.0,427293.0
DJI,Africa,Djibouti,2022,4241497.0,51597.0,5656161.0
DMA,North America,Dominica,2020,9215.0,0.0,0.0
DMA,North America,Dominica,2021,626797.0,3493.0,1990239.0
DMA,North America,Dominica,2022,3469521.0,17083.0,2664106.0
DNK,Europe,Denmark,2020,9213600.0,176879.0,83975.0
DNK,Europe,Denmark,2021,116156483.0,917611.0,1880582507.0
DNK,Europe,Denmark,2022,777552953.0,1576724.0,3560215762.0
DOM,North America,Dominican Republic,2020,21166725.0,380121.0,0.0
DOM,North America,Dominican Republic,2021,113645275.0,1331819.0,2412532510.0
DOM,North America,Dominican Republic,2022,160519282.0,1191289.0,3734423617.0
DZA,Africa,Algeria,2020,10583375.0,377806.0,0.0
DZA,Africa,Algeria,2021,57172988.0,1563862.0,185173738.0
DZA,Africa,Algeria,2022,71603782.0,1858657.0,113223518.0
ECU,South America,Ecuador,2020,28245590.0,2063529.0,0.0
ECU,South America,Ecuador,2021,154089017.0,8959876.0,3572274116.0
ECU,South America,Ecuador,2022,237153462.0,9667321.0,7753249019.0
EGY,Africa,Egypt,2020,21009479.0,1137521.0,0.0
EGY,Africa,Egypt,2021,96168737.0,5525740.0,913304235.0
EGY,Africa,Egypt,2022,134917905.0,6617405.0,3106073683.0
ERI,Africa,Eritrea,2020,86376.0,12.0,0.0
ERI,Africa,Eritrea,2021,1860123.0,10066.0,0.0
ERI,Africa,Eritrea,2022,2658894.0,27598.0,0.0
ESH,Africa,Western Sahara,2022,0.0,0.0,0.0
ESP,Europe,Spain,2020,186518146.0,8720097.0,0.0
ESP,Europe,Spain,2021,1480287973.0,28644917.0,9495335623.0
ESP,Europe,Spain,2022,3223589895.0,28520260.0,6793523799.0
EST,Europe,Estonia,2020,1357875.0,20833.0,5940.0
EST,Europe,Estonia,2021,48325161.0,425939.0,318140186.0
EST,Europe,Estonia,2022,143662781.0,668616.0,531369678.0
ETH,Africa,Ethiopia,2020,12832683.0,200308.0,0.0
ETH,Africa,Ethiopia,2021,98832178.0,1582711.0,906186806.0
ETH,Africa,Ethiopia,2022,130111720.0,2040980.0,975549068.0
FIN,Europe,Finland,2020,3297517.0,91124.0,0.0
FIN,Europe,Finland,2021,40428766.0,375136.0,275477758.0
FIN,Europe,Finland,2022,259920324.0,1078860.0,887719088.0
FJI,Oceania,Fiji,2020,7650.0,281.0,0.0
FJI,Oceania,Fiji,2021,8093597.0,94968.0,25060921.0
FJI,Oceania,Fiji,2022,17721496.0,230426.0,51058476.0
FLK,South America,Falkland Islands,2020,3760.0,0.0,0.0
FLK,South America,Falkland Islands,2021,22767.0,0.0,14163.0
FLK,South America,Falkland Islands,2022,269503.0,0.0,0.0
FRA,Europe,France,2020,207934224.0,9279304.0,8264.0
FRA,Europe,France,2021,2132204242.0,38332112.0,20277183988.0
FRA,Europe,France,2022,7558339757.0,39521524.0,39073985228.0
FRO,Europe,Faeroe Islands,2020,95066.0,0.0,0.0
FRO,Europe,Faeroe Islands,2021,489078.0,1065.0,6373912.0
FRO,Europe,Faeroe Islands,2022,8566401.0,7120.0,2238111.0
FSM,Oceania,Micronesia (country),2021,345.0,0.0,0.0
FSM,Oceania,Micronesia (country),2022,526177.0,1469.0,0.0
GAB,Africa,Gabon,2020,1710711.0,11246.0,0.0
GAB,Africa,Gabon,2021,9035646.0,59056.0,5321627.0
GAB,Africa,Gabon,2022,12991077.0,82838.0,7784339.0
GBR,Europe,United Kingdom,2020,172995588.0,15809047.0,0.0
GBR,Europe,United Kingdom,2021,2235647104.0,56485698.0,24940487148.0
GBR,Europe,United Kingdom,2022,5760595293.0,53561664.0,35803459866.0
GEO,Asia,Georgia,2020,9272618.0,88764.0,0.0
GEO,Asia,Georgia,2021,169867566.0,2355374.0,171113025.0
GEO,Asia,Georgia,2022,431080552.0,4480083.0,304255296.0
GGY,Europe,Guernsey,2021,0.0,0.0,7302946.0
GGY,Europe,Guernsey,2022,0.0,0.0,2998038.0
GHA,Africa,Ghana,2020,8669957.0,53074.0,0.0
GHA,Africa,Ghana,2021,37441079.0,315598.0,52155239.0
GHA,Africa,Ghana,2022,44328916.0,391997.0,287830714.0
GIB,Europe,Gibraltar,2020,120034.0,237.0,0.0
GIB,Europe,Gibraltar,2021,1832553.0,32874.0,13247833.0
GIB,Europe,Gibraltar,2022,4731838.0,28122.0,5666906.0
GIN,Africa,Guinea,2020,2144527.0,12892.0,0.0
GIN,Africa,Guinea,2021,8821012.0,83209.0,145795776.0
GIN,Africa,Guinea,2022,10011704.0,119639.0,184661528.0
GMB,Africa,Gambia,2020,505978.0,16217.0,0.0
GMB,Africa,Gambia,2021,2640777.0,84175.0,5046012.0
GMB,Africa,Gambia,2022,3267525.0,99396.0,3060626.0
GNB,Africa,Guinea-Bissau,2020,486983.0,7413.0,0.0
GNB,Africa,Guinea-Bissau,2021,1655360.0,32737.0,5498680.0
GNB,Africa,Guinea-Bissau,2022,2224519.0,45956.0,12577395.0
GNQ,Africa,Equatorial Guinea,2020,939924.0,15300.0,0.0
GNQ,Africa,Equatorial Guinea,2021,3362406.0,45497.0,21194380.0
GNQ,Africa,Equatorial Guinea,2022,4398088.0,49785.0,5688190.0
GRC,Europe,Greece,2020,7976094.0,208444.0,5585.0
GRC,Europe,Greece,2021,178169336.0,4398618.0,2729717145.0
GRC,Europe,Greece,2022,916144755.0,7800537.0,5620866011.0
GRD,North America,Grenada,2020,8306.0,0.0,0.0
GRD,North America,Grenada,2021,667105.0,19735.0,1864603.0
GRD,North America,Grenada,2022,4326003.0,60966.0,4395070.0
GRL,North America,Greenland,2020,4095.0,0.0,0.0
GRL,North America,Greenland,2021,143546.0,5.0,5053497.0
GRL,North America,Greenland,2022,3103133.0,4834.0,1112584.0
GTM,North America,Guatemala,2020,16509082.0,587281.0,0.0
GTM,North America,Guatemala,2021,131573540.0,3701568.0,1197688182.0
GTM,North America,Guatemala,2022,241073622.0,4899225.0,1442850320.0
GUM,Oceania,Guam,2020,0.0,0.0,0.0
GUM,Oceania,Guam,2021,0.0,0.0,0.0
GUM,Oceania,Guam,2022,0.0,0.0,0.0
GUY,South America,Guyana,2020,548708.0,16383.0,0.0
GUY,South America,Guyana,2021,7735365.0,190548.0,40454333.0
GUY,South America,Guyana,2022,17587280.0,335043.0,36577120.0
HKG,Asia,Hong Kong,2020,1016412.0,16241.0,0.0
HKG,Asia,Hong Kong,2021,4269810.0,74875.0,1632121626.0
HKG,Asia,Hong Kong,2022,274736184.0,1884987.0,4197267269.0
HND,North America,Honduras,2020,14412084.0,412628.0,0.0
HND,North America,Honduras,2021,98465666.0,2598055.0,144911135.0
HND,North America,Honduras,2022,115609573.0,2956031.0,429102624.0
HRV,Europe,Croatia,2020,9921974.0,156885.0,7864.0
HRV,Europe,Croatia,2021,136540739.0,2852144.0,699589676.0
HRV,Europe,Croatia,2022,300046009.0,4254806.0,1306231506.0
HTI,North America,Haiti,2020,1695905.0,40688.0,0.0
HTI,North America,Haiti,2021,6562333.0,167474.0,2914453.0
HTI,North America,Haiti,2022,8484869.0,226215.0,8432106.0
HUN,Europe,Hungary,2020,15561117.0,452473.0,1094.0
HUN,Europe,Hungary,2021,276202001.0,9635417.0,585477068.0
HUN,Europe,Hungary,2022,504262405.0,12374261.0,290008628.0
IDN,Asia,Indonesia,2020,60573725.0,2148683.0,0.0
IDN,Asia,Indonesia,2021,987820633.0,30620691.0,29894816962.0
IDN,Asia,Indonesia,2022,1580923444.0,41976003.0,42303277435.0
IMN,Europe,Isle of Man,2020,91971.0,6144.0,0.0
IMN,Europe,Isle of Man,2021,1657926.0,13841.0,18423449.0
IMN,Europe,Isle of Man,2022,8410360.0,26430.0,10814615.0
IND,Asia,India,2020,1084280238.0,17171598.0,0.0
IND,Asia,India,2021,9215075561.0,121382644.0,174118546779.0
IND,Asia,India,2022,11684744673.0,141513673.0,500991670770.0
IRL,Europe,Ireland,2020,10464787.0,460986.0,4423.0
IRL,Europe,Ireland,2021,119447207.0,1758645.0,1583236671.0
IRL,Europe,Ireland,2022,401339849.0,1936570.0,2897413619.0
IRN,Asia,Iran,2020,117905811.0,6222225.0,0.0
IRN,Asia,Iran,2021,1338958417.0,33112629.0,2078246909.0
IRN,Asia,Iran,2022,1945813527.0,38152683.0,15934495878.0
IRQ,Asia,Iraq,2020,64618779.0,1623028.0,0.0
IRQ,Asia,Iraq,2021,512717853.0,6615129.0,247479048.0
IRQ,Asia,Iraq,2022,637523914.0,6845949.0,679558282.0
ISL,Europe,Iceland,2020,807858.0,3666.0,4875.0
ISL,Europe,Iceland,2021,3491173.0,11314.0,37182593.0
ISL,Europe,Iceland,2022,44847001.0,35092.0,14755116.0
ISR,Asia,Israel,2020,41522946.0,339051.0,4426127.0
ISR,Asia,Israel,2021,353426300.0,2418498.0,4172696799.0
ISR,Asia,Israel,2022,1068532865.0,2883156.0,4863466145.0
ITA,Europe,Italy,2020,151300759.0,10582442.0,81803.0
ITA,Europe,Italy,2021,1490063177.0,43595671.0,18370348538.0
ITA,Europe,Italy,2022,4511226328.0,44455942.0,36832557385.0
JAM,North America,Jamaica,2020,1150061.0,23679.0,0.0
JAM,North America,Jamaica,2021,20198276.0,452353.0,89718808.0
JAM,North America,Jamaica,2022,36796385.0,814727.0,243436704.0
JEY,Europe,Jersey,2021,0.0,0.0,10051869.0
JEY,Europe,Jersey,2022,0.0,0.0,9877041.0
JOR,Asia,Jordan,2020,14090920.0,172825.0,0.0
JOR,Asia,Jordan,2021,257029091.0,3233166.0,1099634600.0
JOR,Asia,Jordan,2022,440590855.0,3789636.0,223936089.0
JPN,Asia,Japan,2020,18466972.0,364142.0,0.0
JPN,Asia,Japan,2021,366702687.0,4811180.0,29917294776.0
JPN,Asia,Japan,2022,2542439183.0,8096922.0,73161621148.0
KAZ,Asia,Kazakhstan,2020,25709515.0,342310.0,0.0
KAZ,Asia,Kazakhstan,2021,222471797.0,3598679.0,2571702082.0
KAZ,Asia,Kazakhstan,2022,378404475.0,5163568.0,1013726848.0
KEN,Africa,Kenya,2020,8885496.0,158497.0,0.0
KEN,Africa,Kenya,2021,68330475.0,1320390.0,657813060.0
KEN,Africa,Kenya,2022,89465565.0,1538620.0,1157025054.0
KGZ,Asia,Kyrgyzstan,2020,9377529.0,204465.0,0.0
KGZ,Asia,Kyrgyzstan,2021,48817368.0,754553.0,223148969.0
KGZ,Asia,Kyrgyzstan,2022,54798753.0,809397.0,761203827.0
KHM,Asia,Cambodia,2020,63394.0,0.0,0.0
KHM,Asia,Cambodia,2021,20812497.0,424061.0,4292827161.0
KHM,Asia,Cambodia,2022,36403843.0,831657.0,4386180718.0
KIR,Oceania,Kiribati,2021,453.0,0.0,419695.0
KIR,Oceania,Kiribati,2022,755111.0,2925.0,1342878.0
KNA,North America,Saint Kitts and Nevis,2020,4941.0,0.0,0.0
KNA,North America,Saint Kitts and Nevis,2021,345130.0,2727.0,2428713.0
KNA,North America,Saint Kitts and Nevis,2022,1580244.0,11425.0,696964.0
KOR,Asia,South Korea,2020,6015621.0,104652.0,0.0
KOR,Asia,South Korea,2021,80313690.0,829654.0,11676389257.0
KOR,Asia,South Korea,2022,3888240350.0,5250084.0,33358216693.0
KWT,Asia,Kuwait,2020,20839943.0,132226.0,2500.0
KWT,Asia,Kuwait,2021,117835236.0,686533.0,73963780.0
KWT,Asia,Kuwait,2022,168565126.0,694546.0,343383130.0
LAO,Asia,Laos,2020,6474.0,0.0,0.0
LAO,Asia,Laos,2021,6702447.0,13810.0,125490690.0
LAO,Asia,Laos,2022,50786453.0,188390.0,444993186.0
LBN,Asia,Lebanon,2020,11059469.0,93678.0,0.0
LBN,Asia,Lebanon,2021,192665985.0,2550399.0,551412944.0
LBN,Asia,Lebanon,2022,296307963.0,2803385.0,646974255.0
LBR,Africa,Liberia,2020,275211.0,16107.0,0.0
LBR,Africa,Liberia,2021,1428004.0,61434.0,5504200.0
LBR,Africa,Liberia,2022,2036754.0,79961.0,23405594.0
LBY,Africa,Libya,2020,7608144.0,111938.0,0.0
LBY,Africa,Libya,2021,86829912.0,1301431.0,77275752.0
LBY,Africa,Libya,2022,133273447.0,1727421.0,191178331.0
LCA,North America,Saint Lucia,2020,19289.0,160.0,0.0
LCA,North America,Saint Lucia,2021,2496126.0,43587.0,9138281.0
LCA,North America,Saint Lucia,2022,6711429.0,100146.0,7486599.0
LIE,Europe,Liechtenstein,2020,108784.0,1272.0,0.0
LIE,Europe,Liechtenstein,2021,1215937.0,21062.0,8357158.0
LIE,Europe,Liechtenstein,2022,4285805.0,22387.0,6830988.0
LKA,Asia,Sri Lanka,2020,2134079.0,9248.0,0.0
LKA,Asia,Sri Lanka,2021,106461940.0,2108672.0,3936062753.0
LKA,Asia,Sri Lanka,2022,178298139.0,4455962.0,3540371531.0
LSO,Africa,Lesotho,2020,270814.0,6015.0,0.0
LSO,Africa,Lesotho,2021,5112988.0,144317.0,4400088.0
LSO,Africa,Lesotho,2022,9072672.0,190502.0,5031388.0
LTU,Europe,Lithuania,2020,4949942.0,59297.0,35305.0
LTU,Europe,Lithuania,2021,107990127.0,1632972.0,722818474.0
LTU,Europe,Lithuania,2022,290068019.0,2413308.0,1132467978.0
LUX,Europe,Luxembourg,2020,3428856.0,43539.0,2503.0
LUX,Europe,Luxembourg,2021,25851545.0,283934.0,170677169.0
LUX,Europe,Luxembourg,2022,63015115.0,287518.0,303091992.0
LVA,Europe,Latvia,2020,1518562.0,22288.0,7054.0
LVA,Europe,Latvia,2021,52364185.0,907184.0,380518147.0
LVA,Europe,Latvia,2022,203773113.0,1528083.0,543110133.0
MAC,Asia,Macao,2020,13439.0,0.0,0.0
MAC,Asia,Macao,2021,21512.0,0.0,68696908.0
MAC,Asia,Macao,2022,84269.0,491.0,280063481.0
MAR,Africa,Morocco,2020,31729462.0,539218.0,0.0
MAR,Africa,Morocco,2021,244881694.0,3980187.0,3909953518.0
MAR,Africa,Morocco,2022,323215131.0,4361894.0,2257951266.0
MCO,Europe,Monaco,2020,68458.0,833.0,0.0
MCO,Europe,Monaco,2021,997786.0,10863.0,867304.0
MCO,Europe,Monaco,2022,3159264.0,15146.0,0.0
MDA,Europe,Moldova,2020,12284235.0,295184.0,0.0
MDA,Europe,Moldova,2021,95236956.0,2234593.0,171966680.0
MDA,Europe,Moldova,2022,139687669.0,3105930.0,176680950.0
MDG,Africa,Madagascar,2020,2725611.0,36344.0,0.0
MDG,Africa,Madagascar,2021,13233986.0,269475.0,5030046.0
MDG,Africa,Madagascar,2022,17401754.0,371830.0,22148013.0
MDV,Asia,Maldives,2020,1778957.0,6298.0,0.0
MDV,Asia,Maldives,2021,21538660.0,59641.0,142137944.0
MDV,Asia,Maldives,2022,46518693.0,81001.0,59847178.0
MEX,North America,Mexico,2020,149022213.0,15017707.0,62854.0
MEX,North America,Mexico,2021,1028236358.0,85243244.0,16218299177.0
MEX,North America,Mexico,2022,1609067248.0,87825143.0,16889038291.0
MHL,Oceania,Marshall Islands,2020,208.0,0.0,0.0
MHL,Oceania,Marshall Islands,2021,1460.0,0.0,0.0
MHL,Oceania,Marshall Islands,2022,652762.0,743.0,0.0
MKD,Europe,North Macedonia,2020,5821127.0,194153.0,0.0
MKD,Europe,North Macedonia,2021,57508907.0,1939359.0,112225636.0
MKD,Europe,North Macedonia,2022,83823475.0,2493863.0,34910436.0
MLI,Africa,Mali,2020,740043.0,31265.0,0.0
MLI,Africa,Mali,2021,4925884.0,178577.0,15077877.0
MLI,Africa,Mali,2022,8353340.0,198631.0,51801328.0
MLT,Europe,Malta,2020,920059.0,11597.0,0.0
MLT,Europe,Malta,2021,11450331.0,147046.0,193105385.0
MLT,Europe,Malta,2022,25006669.0,188170.0,344813996.0
MMR,Asia,Myanmar,2020,6784826.0,148452.0,0.0
MMR,Asia,Myanmar,2021,103436007.0,3375837.0,277398560.0
MMR,Asia,Myanmar,2022,163253543.0,5297933.0,1562247040.0
MNE,Europe,Montenegro,2020,3030375.0,45312.0,0.0
MNE,Europe,Montenegro,2021,39162192.0,580968.0,88131445.0
MNE,Europe,Montenegro,2022,65628016.0,735130.0,136883722.0
MNG,Asia,Mongolia,2020,90589.0,14.0,0.0
MNG,Asia,Mongolia,2021,79207607.0,252329.0,759619149.0
MNG,Asia,Mongolia,2022,248670241.0,573200.0,419331256.0
MNP,Oceania,Northern Mariana Islands,2020,0.0,0.0,0.0
MNP,Oceania,Northern Mariana Islands,2021,0.0,0.0,0.0
MOZ,Africa,Mozambique,2020,1631439.0,12401.0,0.0
MOZ,Africa,Mozambique,2021,36647739.0,442257.0,181660127.0
MOZ,Africa,Mozambique,2022,61605183.0,599497.0,254956347.0
MRT,Africa,Mauritania,2020,1505453.0,34924.0,0.0
MRT,Africa,Mauritania,2021,9459449.0,213778.0,41687265.0
MRT,Africa,Mauritania,2022,16192960.0,266287.0,28400593.0
MSR,North America,Montserrat,2020,3345.0,252.0,0.0
MSR,North America,Montserrat,2021,9552.0,365.0,57555.0
MSR,North America,Montserrat,2022,177085.0,1278.0,104480.0
MUS,Africa,Mauritius,2020,105214.0,2713.0,0.0
MUS,Africa,Mauritius,2021,4679668.0,40732.0,42189453.0
MUS,Africa,Mauritius,2022,55121984.0,261540.0,35716346.0
MWI,Africa,Malawi,2020,982579.0,29150.0,0.0
MWI,Africa,Malawi,2021,16125566.0,557423.0,174264513.0
MWI,Africa,Malawi,2022,23433841.0,715834.0,116485898.0
MYS,Asia,Malaysia,2020,6306160.0,49640.0,0.0
MYS,Asia,Malaysia,2021,435828997.0,4290118.0,7607483237.0
MYS,Asia,Malaysia,2022,1134520023.0,9499000.0,18881580397.0
NAM,Africa,Namibia,2020,1811888.0,17821.0,0.0
NAM,Africa,Namibia,2021,31331287.0,711197.0,20071372.0
NAM,Africa,Namibia,2022,44400165.0,1096308.0,13462654.0
NCL,Oceania,New Caledonia,2020,6882.0,0.0,0.0
NCL,Oceania,New Caledonia,2021,1147444.0,24560.0,6882678.0
NCL,Oceania,New Caledonia,2022,15531845.0,83580.0,12591467.0
NER,Africa,Niger,2020,331343.0,17306.0,0.0
NER,Africa,Niger,2021,2033696.0,71846.0,7707598.0
NER,Africa,Niger,2022,2435124.0,83785.0,50108623.0
NGA,Africa,Nigeria,2020,11232111.0,212680.0,0.0
NGA,Africa,Nigeria,2021,64293818.0,827562.0,401942693.0
NGA,Africa,Nigeria,2022,70167893.0,857079.0,1039408580.0
NIC,North America,Nicaragua,2020,775837.0,28007.0,0.0
NIC,North America,Nicaragua,2021,2945908.0,69663.0,51871967.0
NIC,North America,Nicaragua,2022,3931590.0,63973.0,513087529.0
NIU,Oceania,Niue,2021,0.0,0.0,6894.0
NIU,Oceania,Niue,2022,0.0,0.0,8341.0
NLD,Europe,Netherlands,2020,51384723.0,1814006.0,0.0
NLD,Europe,Netherlands,2021,635839149.0,6315257.0,710547911.0
NLD,Europe,Netherlands,2022,2002991541.0,6051281.0,1203684226.0
NOR,Europe,Norway,2020,4429378.0,72511.0,8252.0
NOR,Europe,Norway,2021,54520489.0,289478.0,1608716312.0
NOR,Europe,Norway,2022,352433084.0,769854.0,3035266913.0
NPL,Asia,Nepal,2020,21241730.0,128945.0,0.0
NPL,Asia,Nepal,2021,207257019.0,2715794.0,1091660265.0
NPL,Asia,Nepal,2022,264905207.0,3253825.0,5061380999.0
NRU,Oceania,Nauru,2021,0.0,0.0,87178.0
NRU,Oceania,Nauru,2022,430775.0,91.0,102591.0
NZL,Oceania,New Zealand,2020,471402.0,6304.0,0.0
NZL,Oceania,New Zealand,2021,1597382.0,10980.0,965113741.0
NZL,Oceania,New Zealand,2022,261579518.0,234565.0,2924972619.0
OMN,Asia,Oman,2020,19053969.0,174416.0,16639.0
OMN,Asia,Oman,2021,86695930.0,1074435.0,85364885.0
OMN,Asia,Oman,2022,103861672.0,1196124.0,131757821.0
OWID_CYN,Asia,Northern Cyprus,2021,0.0,0.0,6088758.0
OWID_KOS,Europe,Kosovo,2020,3909040.0,118677.0,0.0
OWID_KOS,Europe,Kosovo,2021,42024107.0,838125.0,169837403.0
OWID_KOS,Europe,Kosovo,2022,63176407.0,853860.0,427851922.0
PAK,Asia,Pakistan,2020,66731120.0,1380284.0,0.0
PAK,Asia,Pakistan,2021,347955430.0,7759449.0,8962623297.0
PAK,Asia,Pakistan,2022,413044635.0,8247832.0,42940883880.0
PAN,North America,Panama,2020,22771266.0,451068.0,0.0
PAN,North America,Panama,2021,147752358.0,2376286.0,134627467.0
PAN,North America,Panama,2022,226046529.0,2234175.0,349276508.0
PCN,Oceania,Pitcairn,2021,0.0,0.0,348.0
PCN,Oceania,Pitcairn,2022,0.0,0.0,117.0
PER,South America,Peru,2020,144630823.0,15276634.0,0.0
PER,South America,Peru,2021,681004285.0,62714056.0,5557471600.0
PER,South America,Peru,2022,979019609.0,57879120.0,19202481959.0
PHL,Asia,Philippines,2020,53531833.0,1048249.0,0.0
PHL,Asia,Philippines,2021,579184355.0,9811505.0,5384617348.0
PHL,Asia,Philippines,2022,1002314107.0,16109820.0,7312560070.0
PLW,Oceania,Palau,2021,831.0,0.0,0.0
PLW,Oceania,Palau,2022,1144678.0,1367.0,0.0
PNG,Oceania,Papua New Guinea,2020,84526.0,964.0,0.0
PNG,Oceania,Papua New Guinea,2021,5856848.0,71657.0,3557065.0
PNG,Oceania,Papua New Guinea,2022,11661540.0,175836.0,14638126.0
POL,Europe,Poland,2020,69782612.0,1422334.0,92200.0
POL,Europe,Poland,2021,977813850.0,24394356.0,7144203771.0
POL,Europe,Poland,2022,1577876805.0,31037425.0,13393233265.0
PRI,North America,Puerto Rico,2020,0.0,0.0,0.0
PRI,North America,Puerto Rico,2021,0.0,0.0,0.0
PRI,North America,Puerto Rico,2022,0.0,0.0,0.0
PRK,Asia,North Korea,2020,0.0,0.0,0.0
PRK,Asia,North Korea,2021,0.0,0.0,0.0
PRK,Asia,North Korea,2022,140.0,840.0,0.0
PRT,Europe,Portugal,2020,28529260.0,615356.0,0.0
PRT,Europe,Portugal,2021,337364231.0,6070273.0,494565246.0
PRT,Europe,Portugal,2022,1152739807.0,6182257.0,885050573.0
PRY,South America,Paraguay,2020,8190491.0,169871.0,0.0
PRY,South America,Paraguay,2021,126733354.0,3904744.0,313005371.0
PRY,South America,Paraguay,2022,177019149.0,5093781.0,272264977.0
PSE,Asia,Palestine,2020,8753200.0,74921.0,0.0
PSE,Asia,Palestine,2021,115974691.0,1251129.0,173851609.0
PSE,Asia,Palestine,2022,175318783.0,1515402.0,66575038.0
PYF,Oceania,French Polynesia,2020,1022597.0,5220.0,0.0
PYF,Oceania,French Polynesia,2021,10291994.0,112245.0,7194595.0
PYF,Oceania,French Polynesia,2022,18819362.0,176237.0,8088837.0
QAT,Asia,Qatar,2020,26516402.0,41312.0,0.0
QAT,Asia,Qatar,2021,76672453.0,179203.0,900962458.0
QAT,Asia,Qatar,2022,102126237.0,183068.0,961322129.0
ROU,Europe,Romania,2020,41825855.0,1248293.0,21764.0
ROU,Europe,Romania,2021,420013098.0,12271936.0,2813004765.0
ROU,Europe,Romania,2022,770023681.0,17636229.0,2692191824.0
RUS,Europe,Russia,2020,294103774.0,4952659.0,80500.0
RUS,Europe,Russia,2021,2219583865.0,56152636.0,17910795481.0
RUS,Europe,Russia,2022,4638435198.0,98304367.0,24196081463.0
RWA,Africa,Rwanda,2020,835765.0,5360.0,0.0
RWA,Africa,Rwanda,2021,20135870.0,258925.0,120526706.0
RWA,Africa,Rwanda,2022,35473888.0,396897.0,446170273.0
SAU,Asia,Saudi Arabia,2020,64831531.0,869637.0,0.0
SAU,Asia,Saudi Arabia,2021,172538695.0,2813031.0,8161805399.0
SAU,Asia,Saudi Arabia,2022,206798855.0,2490360.0,3245641949.0
SDN,Africa,Sudan,2020,2985607.0,189498.0,0.0
SDN,Africa,Sudan,2021,13111843.0,931931.0,18100511.0
SDN,Africa,Sudan,2022,16658197.0,1261052.0,71263967.0
SEN,Africa,Senegal,2020,2803637.0,55512.0,0.0
SEN,Africa,Senegal,2021,19184452.0,484530.0,48781082.0
SEN,Africa,Senegal,2022,23467779.0,534940.0,18379971.0
SGP,Asia,Singapore,2020,12498642.0,6795.0,1177.0
SGP,Asia,Singapore,2021,37475763.0,59551.0,2063767804.0
SGP,Asia,Singapore,2022,328374490.0,353072.0,3813800729.0
SHN,Africa,Saint Helena,2020,286.0,0.0,0.0
SHN,Africa,Saint Helena,2021,1460.0,0.0,24233.0
SHN,Africa,Saint Helena,2022,15183.0,0.0,0.0
SLB,Oceania,Solomon Islands,2020,1072.0,0.0,0.0
SLB,Oceania,Solomon Islands,2021,7082.0,0.0,2010524.0
SLB,Oceania,Solomon Islands,2022,3974503.0,32758.0,9824958.0
SLE,Africa,Sierra Leone,2020,447581.0,15538.0,0.0
SLE,Africa,Sierra Leone,2021,1877846.0,36424.0,4806443.0
SLE,Africa,Sierra Leone,2022,2094876.0,34159.0,44215061.0
SLV,North America,El Salvador,2020,5411943.0,153112.0,0.0
SLV,North America,El Salvador,2021,30667134.0,946540.0,700803954.0
SLV,North America,El Salvador,2022,45202381.0,1120967.0,313077653.0
SMR,Europe,San Marino,2020,247490.0,12017.0,0.0
SMR,Europe,San Marino,2021,1805054.0,31332.0,3236047.0
SMR,Europe,San Marino,2022,4525428.0,31054.0,1041587.0
SOM,Africa,Somalia,2020,814629.0,23425.0,0.0
SOM,Africa,Somalia,2021,5471923.0,286410.0,18931100.0
SOM,Africa,Somalia,2022,7211941.0,370123.0,91397795.0
SPM,North America,Saint Pierre and Miquelon,2020,2070.0,0.0,0.0
SPM,North America,Saint Pierre and Miquelon,2021,12005.0,0.0,0.0
SPM,North America,Saint Pierre and Miquelon,2022,614817.0,242.0,0.0
SRB,Europe,Serbia,2020,15905285.0,206832.0,0.0
SRB,Europe,Serbia,2021,281481016.0,2636494.0,857453818.0
SRB,Europe,Serbia,2022,542125760.0,4271931.0,338119739.0
SSD,Africa,South Sudan,2020,562181.0,10492.0,0.0
SSD,Africa,South Sudan,2021,3744746.0,40998.0,3303148.0
SSD,Africa,South Sudan,2022,4740919.0,37584.0,27091428.0
STP,Africa,Sao Tome and Principe,2020,194089.0,3410.0,0.0
STP,Africa,Sao Tome and Principe,2021,935257.0,14116.0,2109071.0
STP,Africa,Sao Tome and Principe,2022,1620203.0,19826.0,2349795.0
SUR,South America,Suriname,2020,756366.0,15480.0,0.0
SUR,South America,Suriname,2021,9143956.0,205290.0,59525382.0
SUR,South America,Suriname,2022,21313352.0,364029.0,11976480.0
SVK,Europe,Slovakia,2020,10074031.0,66663.0,0.0
SVK,Europe,Slovakia,2021,283780748.0,4060746.0,164543417.0
SVK,Europe,Slovakia,2022,636156163.0,5310223.0,217299092.0
SVN,Europe,Slovenia,2020,5616737.0,118309.0,44418.0
SVN,Europe,Slovenia,2021,97489622.0,1585305.0,472422706.0
SVN,Europe,Slovenia,2022,263526043.0,1768128.0,514267260.0
SWE,Europe,Sweden,2020,29902941.0,1438568.0,0.0
SWE,Europe,Sweden,2021,359861832.0,5103122.0,421481365.0
SWE,Europe,Sweden,2022,656717039.0,5019898.0,868648747.0
SWZ,Africa,Eswatini,2020,931723.0,17607.0,0.0
SWZ,Africa,Eswatini,2021,10791149.0,312619.0,7878232.0
SWZ,Africa,Eswatini,2022,19436689.0,382102.0,11910178.0
SXM,North America,Sint Maarten (Dutch part),2021,0.0,0.0,1557764.0
SXM,North America,Sint Maarten (Dutch part),2022,0.0,0.0,858392.0
SYC,Africa,Seychelles,2020,27829.0,0.0,0.0
SYC,Africa,Seychelles,2021,4873905.0,23584.0,7338196.0
SYC,Africa,Seychelles,2022,11414977.0,44380.0,3054610.0
SYR,Asia,Syria,2020,840959.0,43439.0,0.0
SYR,Asia,Syria,2021,10115985.0,663243.0,13773735.0
SYR,Asia,Syria,2022,15066921.0,849883.0,106486388.0
TCA,North America,Turks and Caicos Islands,2020,99749.0,921.0,0.0
TCA,North America,Turks and Caicos Islands,2021,892741.0,6562.0,608286.0
TCA,North America,Turks and Caicos Islands,2022,1626786.0,9624.0,691812.0
TCD,Africa,Chad,2020,277903.0,19635.0,0.0
TCD,Africa,Chad,2021,1708527.0,59632.0,4349827.0
TCD,Africa,Chad,2022,1996146.0,52279.0,24927811.0
TGO,Africa,Togo,2020,381729.0,8764.0,0.0
TGO,Africa,Togo,2021,5912846.0,56718.0,27528316.0
TGO,Africa,Togo,2022,10146076.0,74694.0,32465832.0
THA,Asia,Thailand,2020,969708.0,15565.0,0.0
THA,Asia,Thailand,2021,279343869.0,2687780.0,9538409927.0
THA,Asia,Thailand,2022,1061496407.0,7608379.0,36008630139.0
TJK,Asia,Tajikistan,2020,1998970.0,16024.0,0.0
TJK,Asia,Tajikistan,2021,5577415.0,38942.0,101803685.0
TJK,Asia,Tajikistan,2022,4847116.0,34125.0,183239313.0
TKL,Oceania,Tokelau,2021,0.0,0.0,3857.0
TKL,Oceania,Tokelau,2022,0.0,0.0,5790.0
TKM,Asia,Turkmenistan,2021,0.0,0.0,51746.0
TKM,Asia,Turkmenistan,2022,0.0,0.0,7140000.0
TLS,Asia,Timor,2020,7030.0,0.0,0.0
TLS,Asia,Timor,2021,3539149.0,16971.0,17677942.0
TLS,Asia,Timor,2022,6135130.0,35643.0,48039056.0
TON,Oceania,Tonga,2021,64.0,0.0,1386345.0
TON,Oceania,Tonga,2022,2351390.0,2160.0,2247459.0
TTO,North America,Trinidad and Tobago,2020,696084.0,13090.0,0.0
TTO,North America,Trinidad and Tobago,2021,12331775.0,339736.0,183355093.0
TTO,North America,Trinidad and Tobago,2022,40820281.0,1042040.0,317215674.0
TUN,Africa,Tunisia,2020,7649583.0,225290.0,0.0
TUN,Africa,Tunisia,2021,171262402.0,5980789.0,1199593289.0
TUN,Africa,Tunisia,2022,281808386.0,7706995.0,1030424827.0
TUR,Asia,Turkey,2020,110780847.0,2063533.0,0.0
TUR,Asia,Turkey,2021,2014321615.0,18166329.0,21488786535.0
TUR,Asia,Turkey,2022,4000518321.0,26367256.0,36932247177.0
TUV,Oceania,Tuvalu,2021,0.0,0.0,51528.0
TUV,Oceania,Tuvalu,2022,1286.0,0.0,52550.0
TWN,Asia,Taiwan,2020,145202.0,1939.0,0.0
TWN,Asia,Taiwan,2021,3569553.0,166958.0,2814980332.0
TWN,Asia,Taiwan,2022,583218290.0,1134751.0,11551163478.0
TZA,Africa,Tanzania,2020,129240.0,5282.0,0.0
TZA,Africa,Tanzania,2021,2804832.0,74202.0,8334495.0
TZA,Africa,Tanzania,2022,9616889.0,222748.0,231355598.0
UGA,Africa,Uganda,2020,1970459.0,16752.0,0.0
UGA,Africa,Uganda,2021,29401986.0,614221.0,93459195.0
UGA,Africa,Uganda,2022,45028334.0,978712.0,508133409.0
UKR,Europe,Ukraine,2020,66908500.0,1240038.0,0.0
UKR,Europe,Ukraine,2021,838523713.0,19421018.0,2731413918.0
UKR,Europe,Ukraine,2022,1383015973.0,31105590.0,1540547039.0
URY,South America,Uruguay,2020,762054.0,12265.0,0.0
URY,South America,Uruguay,2021,98926667.0,1470792.0,1318528199.0
URY,South America,Uruguay,2022,237754317.0,1944841.0,2015302271.0
USA,North America,United States,2020,1729216843.0,46797664.0,41386258.0
USA,North America,United States,2021,13269503953.0,223481626.0,107844574288.0
USA,North America,United States,2022,22808566057.0,269200932.0,156973285463.0
UZB,Asia,Uzbekistan,2020,9683839.0,75614.0,0.0
UZB,Asia,Uzbekistan,2021,46375071.0,332793.0,2333589579.0
UZB,Asia,Uzbekistan,2022,64412792.0,442298.0,1189368185.0
VAT,Europe,Vatican,2020,4429.0,0.0,0.0
VAT,Europe,Vatican,2021,9855.0,0.0,0.0
VAT,Europe,Vatican,2022,7883.0,0.0,0.0
VCT,North America,Saint Vincent and the Grenadines,2020,14216.0,0.0,0.0
VCT,North America,Saint Vincent and the Grenadines,2021,979388.0,8665.0,2365259.0
VCT,North America,Saint Vincent and the Grenadines,2022,2344672.0,29176.0,3879106.0
VEN,South America,Venezuela,2020,12300226.0,106495.0,0.0
VEN,South America,Venezuela,2021,99533919.0,1141073.0,161236943.0
VEN,South America,Venezuela,2022,141524693.0,1549171.0,148036919.0
VGB,North America,British Virgin Islands,2020,10098.0,257.0,0.0
VGB,North America,British Virgin Islands,2021,494357.0,6274.0,741284.0
VGB,North America,British Virgin Islands,2022,1769240.0,16406.0,865661.0
VIR,North America,United States Virgin Islands,2020,0.0,0.0,0.0
VIR,North America,United States Virgin Islands,2021,0.0,0.0,0.0
VIR,North America,United States Virgin Islands,2022,0.0,0.0,0.0
VNM,Asia,Vietnam,2020,219337.0,4908.0,0.0
VNM,Asia,Vietnam,2021,135539309.0,2936699.0,8643129178.0
VNM,Asia,Vietnam,2022,2336310884.0,11360637.0,27996524667.0
VUT,Oceania,Vanuatu,2020,52.0,0.0,0.0
VUT,Oceania,Vanuatu,2021,1368.0,255.0,1474366.0
VUT,Oceania,Vanuatu,2022,1861846.0,2444.0,2630515.0
WLF,Oceania,Wallis and Futuna,2020,173.0,0.0,0.0
WLF,Oceania,Wallis and Futuna,2021,131090.0,1890.0,302321.0
WLF,Oceania,Wallis and Futuna,2022,144918.0,1911.0,128585.0
WSM,Oceania,Samoa,2020,79.0,0.0,0.0
WSM,Oceania,Samoa,2021,1050.0,0.0,3461534.0
WSM,Oceania,Samoa,2022,2392660.0,4502.0,5400292.0
YEM,Asia,Yemen,2020,382306.0,108944.0,0.0
YEM,Asia,Yemen,2021,2403947.0,480906.0,3769822.0
YEM,Asia,Yemen,2022,3182192.0,580194.0,16360202.0
ZAF,Africa,South Africa,2020,122796146.0,2968151.0,0.0
ZAF,Africa,South Africa,2021,795488057.0,24393223.0,2034561411.0
ZAF,Africa,South Africa,2022,1047733706.0,27274297.0,8180324147.0
ZMB,Africa,Zambia,2020,2433883.0,53042.0,0.0
ZMB,Africa,Zambia,2021,52593029.0,849928.0,79535727.0
ZMB,Africa,Zambia,2022,87088750.0,1084041.0,418154972.0
ZWE,Africa,Zimbabwe,2020,1336283.0,36683.0,0.0
ZWE,Africa,Zimbabwe,2021,30065437.0,1029500.0,896283082.0
ZWE,Africa,Zimbabwe,2022,67386946.0,1493757.0,2168729866.0
